CLT AGE,CLT CATEGORIE,SEGMENT,CLT REV MENS NET,MMM,VOLUME DES REVENUS,CREDIT CONSO,CREDIT IMMO,CLASSE DE RISQUE,PRIME_ASSURANCE
45,7150,TRE,2500,2868.956,753.050228,0,74561.107,0,698.927
43,7000,CLASSE MOYENNE,1230,1920.378,2478.003,0,31979.673,0,374.162
47,7000,HAUT DE GAMME,6060,11884.119,0,21954.025,93615.166,0,960.997
50,7000,CLASSE MOYENNE,6000,5794.237,39447.381,24706.956,103588.854,0,1053.377
56,7000,CLASSE MOYENNE,2885.54,1174.281,267.404,0,44666.955,1,0
73,7000,HAUT DE GAMME,2704.4,18652.761,129527.391,96467.298,237334.16,1,0
39,7000,CLASSE MOYENNE,1892.05,1987.47,47.313,0,48105.134,1,0
47,7000,CLASSE MOYENNE,2888.36,578.986,16.668,1056.648,40130.123,0,389.881
37,7000,CLASSE MOYENNE,4781.48,2128.846,3.955,0,258.534,1,0
44,7000,HAUT DE GAMME,3350,2641.893,24025.117,0,18987.039,0,111.074
60,7000,HAUT DE GAMME,1442,9519.841,5299.04,0,95734.243,0,2240.181
49,7000,HAUT DE GAMME,3000,38674.387,110565.754,36727.355,74460.521,0,1570.968
44,7000,HAUT DE GAMME,6191.916,23228.024,165641.073,0,33263.964,0,155.675
55,7000,HAUT DE GAMME,23160,50000.597,583.613,391363.646,53233.621,0,4536.163
67,6000,HAUT DE GAMME,10116,237153.088,0,50000,261832.666,0,3183.125
55,7000,CLASSE MOYENNE,891,1869.162,11124.511,0,16927.419,0,237.661
66,7000,CLASSE MOYENNE,825,1041.901,0,0,26727.987,0,470.915
54,6000,GRAND PUBLIC,2500,1614.23,561.889,13576.005,5376.71,0,175.449
48,7000,HAUT DE GAMME,4515,9204.021,8429.821,0,141520.525,0,1059.706
62,7150,TRE,35000,29732.9599,31305.23072,81931.489,192608.766,0,2157.336
46,7000,HAUT DE GAMME,1820,2480.35,3562.716,4576.951,4430.186,0,80
53,7000,CLASSE MOYENNE,1800,614.835,1475.298,0,4730.891,0,80
50,7000,HAUT DE GAMME,2075,3719.126,14003.437,0,44268.675,0,414.355
53,7000,CLASSE MOYENNE,1180,1424.373,0,0,34496.791,0,495.222
39,7000,HAUT DE GAMME,2344,1941.595,5512.582,15656.627,30673.149,0,421.899
69,7000,HAUT DE GAMME,10000,15978.262,5288.355,25061.02,136875.415,0,1609.553
44,7000,HAUT DE GAMME,3019,4757.097,28040.985,10966.659,8392.984,0,138.955
52,7000,CLASSE MOYENNE,1229,883.894,0,5786.836,7003.551,0,166.301
47,7000,CLASSE MOYENNE,500.131,1815.165,112.11,0,10059.019,0,141.229
57,7000,CLASSE MOYENNE,3000,1260.989,14598.331,0,167921.706,0,2194.471
62,7000,CLASSE MOYENNE,773,1632.219,622.3,0,30604.684,0,716.15
70,7000,CLASSE MOYENNE,2741,5108.101,24028.727,7345.253,10134.651,0,179.168
46,7000,CLASSE MOYENNE,1097,1080.507,3631.758,0,22989.976,0,322.779
46,7000,HAUT DE GAMME,3000,8071.584,3336.668,0,46163.41,0,432.09
60,7000,HAUT DE GAMME,2923,3686.912,728.665,9745.623,16656.162,0,265.883
46,7000,HAUT DE GAMME,,156941.421,15917.737,0,110522.78,0,80
43,7000,HAUT DE GAMME,4000,100110.394,404571.0403,110000,228216.762,0,3191.893
38,7000,CLASSE MOYENNE,1000,7485.484,48059.794,1860.038,6953.035,0,83.863
44,6000,HAUT DE GAMME,1400,87831.534,43885.923,21266.299,39168.894,0,1075.491
37,7000,CLASSE MOYENNE,1473,1553.647,15.523,5992.474,20826.773,0,357.462
66,7000,CLASSE MOYENNE,1832,2186.441,8626.833,5520.723,29360.87,0,459.504
47,7000,HAUT DE GAMME,4300,5336.278,0,28505.191,140040.912,0,1797.286
58,7000,CLASSE MOYENNE,1769,1865.037,2731.464,0,43897.703,0,410.883
45,6000,CLASSE MOYENNE,2000,33526.479,58028.356,13509.305,28019.11,0,439.285
45,7000,HAUT DE GAMME,2880,12200.709,18.638,0,64053.873,0,618.784
58,6000,HAUT DE GAMME,35000,77558.046,55317.377,0,6575.941,0,80
56,7000,CLASSE MOYENNE,55000,4653.866,20718.224,24100.174,32249.704,0,370.6
50,7150,TRE,3200,2409.215556,693.800112,0,53965.306,0,505.115
52,7000,CLASSE MOYENNE,1370,1473.532,5924.459,4423.434,16571.036,0,319.604
48,7000,CLASSE MOYENNE,1951,1923.349,2467.061,15651.626,10143.266,0,300.04
54,7000,CLASSE MOYENNE,4960,46769.228,1003.073,0,25059.091,0,201.696
50,6000,CLASSE MOYENNE,24000,10189.791,0,0,88268.498,0,511.855
50,7000,CLASSE MOYENNE,3856,11257.461,34991.131,26462.889,36883.891,0,692.003
63,6000,GRAND PUBLIC,2500,5031.201,1185.543,0,2093.953,0,80
58,7000,GRAND PUBLIC,650,7635.594,3782.149,0,36427.912,0,681.931
68,7000,CLASSE MOYENNE,1447,1643.847,289.603,0,10518.817,0,159.627
41,7000,GRAND PUBLIC,900,935.439,21.242,1145.551,15522.158,0,205.221
48,7000,CLASSE MOYENNE,479,1077.507,3130.42,0,5994.219,0,84.159
46,7000,CLASSE MOYENNE,2436,2184.74,1198.151,15600.399,40774.626,0,586.078
48,7000,HAUT DE GAMME,3000,31872.278,21097.129,61093.49,134116.684,0,2818.101
56,7000,CLASSE MOYENNE,8000,14834.395,18348.844,0,15466.016,0,88.613
51,7000,HAUT DE GAMME,4976,5283.236,1124.532,45148.682,32779.183,0,753.199
57,6000,CLASSE MOYENNE,3000,5330.581,0,37161.968,117043.512,0,2265.479
49,7150,TRE,10000,95271.427,391769.258,0,503370.329,0,5025.649
47,7000,HAUT DE GAMME,3931,2820.069,20.164,7232.827,82015.174,0,871.869
47,7000,HAUT DE GAMME,2390,5860.609,1312.218,0,64907.782,0,607.537
59,6000,HAUT DE GAMME,10000,5553.617,71948.562,40370.031,34991.566,0,513.918
47,7000,HAUT DE GAMME,2100,787.947,17.857,0,48968.231,0,480.341
42,7000,HAUT DE GAMME,4000,8172.908,1838.826,0,172076.306,0,1432.031
43,7000,GRAND PUBLIC,5000,7376.182,36942.86,0,80589.892,0,502.881
43,7000,HAUT DE GAMME,3000,12721.742,3721.475,0,324074.324,0,3406.315
58,7000,HAUT DE GAMME,4800,4780.489,19213.921,39564.662,235868.763,0,2997.293
56,7000,CLASSE MOYENNE,649,1133.386,2009.628,0,11267.376,0,163.232
40,7000,CLASSE MOYENNE,1468,734.288,0,0,40673.687,0,488.306
57,7000,HAUT DE GAMME,1460,4349.063,9042.558,0,61013.442,0,1142.172
37,7000,CLASSE MOYENNE,2160,894.23,0,0,35098.288,0,285.483
47,7000,HAUT DE GAMME,6630,31392.317,115640.5104,41791.762,61871.633,0,901.406
51,7000,CLASSE MOYENNE,1870,1934.946,0,2831.208,33898.854,0,367.407
66,7000,CLASSE MOYENNE,8000,6648.849,111820.916,49386.526,17778.461,0,610.176
63,6000,CLASSE MOYENNE,2000,4675.095,1681.202,12180.667,22758.216,0,495.81
44,7000,CLASSE MOYENNE,420,3367.018,0,0,15232.335,0,238.059
52,6000,CLASSE MOYENNE,5000,48230.212,7722.497,49356.233,133577.725,0,2075.164
54,7000,CLASSE MOYENNE,60000,50974.34,33987.569,35326.825,12513.248,0,348.028
45,7000,CLASSE MOYENNE,2025,5216.427,7667.54,9038.339,11529.837,0,181.606
45,7000,CLASSE MOYENNE,1329,5280.244,16331.313,0,25847.183,0,362.894
55,7000,CLASSE MOYENNE,2814,3238.015,910.782,4248.177,6822.659,0,89.646
47,7000,HAUT DE GAMME,8400,9528.087,3710.714,0,99234.329,0,557.3
43,7000,CLASSE MOYENNE,1186,3492.486,9924.779,0,15822.052,0,185.118
51,7000,CLASSE MOYENNE,10000,14385.84,23198.083,0,32240.47,0,181.062
47,7000,HAUT DE GAMME,1600,39697.855,129.57,88060.409,38160.396,0,2155.176
51,7150,TRE,13000,2347.252,14.927,0,14333.853,0,82.128
52,7000,HAUT DE GAMME,300000,13128.841,44138.765,0,65126.873,0,365.753
39,6000,HAUT DE GAMME,3000,5103.775,20057.683,21001.806,49433.548,0,627.805
55,7000,HAUT DE GAMME,2000,8186.368,11019.294,0,119223.299,0,1487.907
40,7000,CLASSE MOYENNE,2000,16881.346,1591.765,21958.88,33021.012,0,497.355
48,7000,CLASSE MOYENNE,1830,2855.628,0,1837.882,65521.593,0,883.439
46,7150,TRE,10000,440.934,11914.19894,0,6040.811,0,80
47,7000,HAUT DE GAMME,3900,23874.87,47141.164,0,69568.99,0,651.166
47,6000,HAUT DE GAMME,5000,3843.391,8490.416,0,64042.26,0,479.548
20,7000,CLASSE MOYENNE,3035,1424.373,0,0,34496.791,1,0
49,7000,HAUT DE GAMME,4964.3,3047.569,295283.9774,0,28429.836,1,0
41,7000,CLASSE MOYENNE,5511.98,734.288,0,0,40673.687,1,0
30,7000,HAUT DE GAMME,4631.65,3506.868,1143.445,36702.557,43003.561,1,0
57,6000,CLASSE MOYENNE,5111.18,4675.095,1681.202,12180.667,22758.216,1,0
56,7000,CLASSE MOYENNE,916,1708.705,627.335,0,40242.319,0,753.336
49,7000,HAUT DE GAMME,2785,3452.004,7707.747,0,93769.236,0,897.186
61,7000,CLASSE MOYENNE,2125,7219.979,7164.508,20000,41040.893,0,807.778
60,6000,CLASSE MOYENNE,3000,3252.773,0,33929.682,19552.133,0,819.558
44,7000,HAUT DE GAMME,1886,4564.936,18103.62,0,21343.418,0,124.859
52,7000,HAUT DE GAMME,4960,6062.209,2021.815,39062.312,72365.405,0,951.37
53,7000,GRAND PUBLIC,1250,560.357,0,0,25278.965,0,378.117
54,7000,HAUT DE GAMME,2008,4133.512,0,0,91699.072,0,1173.813
41,7000,CLASSE MOYENNE,2690,3028.991,0,0,31861.979,0,191.287
55,7000,HAUT DE GAMME,3094,3004.058,145.04,18956.186,5863.22,0,227.461
42,7000,HAUT DE GAMME,6806,8655.918,83158.495,18101.301,142040.711,0,1044.467
64,6000,CLASSE MOYENNE,20000,35157.493,20547.059,23192.874,45354.108,0,564.492
53,7000,CLASSE MOYENNE,3000,3234.89,5724.616,17460.677,13715.899,0,320.618
43,7000,HAUT DE GAMME,1425.061,4483.491,0,1977.481,21728.19,0,296.325
42,7000,HAUT DE GAMME,885.787,4392.03,12822.405,0,7599.12,0,80
47,7000,HAUT DE GAMME,4000,1215.659,0,1316.089,55360.128,0,488.953
46,7000,HAUT DE GAMME,1400,3047.569,295283.9774,0,28429.836,0,399.155
67,7000,CLASSE MOYENNE,1100,1911.837,25746.908,0,5267.312,0,80
57,7000,HAUT DE GAMME,1926,5047.774,4656.306,0,34262.957,0,320.701
54,7000,HAUT DE GAMME,1,4836.208,6103.629,27604.218,31491.523,0,1329.038
50,7000,CLASSE MOYENNE,1100,2128.846,3.955,0,258.534,0,80
55,6000,CLASSE MOYENNE,2000,24819.639,19631.285,16799.105,113902.843,0,1739.967
48,7000,HAUT DE GAMME,3000,4883.778,20237.07,0,77734.371,0,727.594
47,7000,CLASSE MOYENNE,2942.6,1042.905,0,0,49551.144,1,0
47,7000,CLASSE MOYENNE,4799.98,3171.419,11186.91,0,20445.689,1,0
38,7000,HAUT DE GAMME,3092.41,4742.095,0,25351.766,74525.904,1,0
49,7000,CLASSE MOYENNE,4301.99,1820.235,5031.191,0,19852.372,1,0
70,7000,CLASSE MOYENNE,2828.48,2084.083,712.106,0,82157.304,1,0
51,7000,CLASSE MOYENNE,1,13801.685,6485.628,28989.477,223791.768,0,5011.815
30,7000,HAUT DE GAMME,2500,18395.136,5842.986,16475.493,160000,0,1903.883
54,7000,HAUT DE GAMME,10000,15641.112,19663.0414,2944.303,17864.595,0,147.034
48,7000,GRAND PUBLIC,2000,1111.249,16.579,0,32486.075,0,322.338
43,7000,HAUT DE GAMME,6000,56628.879,185923.479,0,99705.709,0,622.164
47,7000,HAUT DE GAMME,5000,22272.407,40313.8507,44866.182,515491.631,0,5773.79
43,7000,CLASSE MOYENNE,1658,2521.417,75.669,2641.626,30482.25,0,277.827
37,7000,CLASSE MOYENNE,1856,4117.269,12804.351,0,91053.692,0,946.958
37,7000,HAUT DE GAMME,5000,8368.433,6190.99,11304.945,3576.253,0,105.661
53,7000,CLASSE MOYENNE,906,2835.078,12464.338,0,3484.554,0,80
51,7000,CLASSE MOYENNE,765,4287.52,22631.79,0,1164.169,0,80
64,7000,CLASSE MOYENNE,2784,3230.885,2367.79,21140.384,11534.329,0,368.518
52,7000,CLASSE MOYENNE,836,973.257,19.712,0,14926.229,0,213.794
49,7000,HAUT DE GAMME,5000,55621.547,28234.976,50585.415,79382.77,0,1233.407
45,7000,CLASSE MOYENNE,900,1651.613,7307.724,0,29780.703,0,418.152
49,7000,CLASSE MOYENNE,1500,20401.463,14610.665,0,76947.842,0,964.043
60,7000,CLASSE MOYENNE,1273,1717.145,2943.027,8229.414,10366.198,0,384.656
27,7000,GRAND PUBLIC,2185.04,3071.713,8913.369,0,80000,1,0
55,7000,HAUT DE GAMME,2010.67,2266.721,2496.949,0,36690.281,1,0
38,7000,CLASSE MOYENNE,2246.19,1468.244,75.117,0,45498.791,1,0
53,7000,HAUT DE GAMME,1690,3531.63,771.805,0,48137.395,0,461.932
60,7000,HAUT DE GAMME,4750,2124.649,5556.797,0,36838.704,0,258.608
45,6000,GRAND PUBLIC,2000,1429.276,100.011,0,60372.302,0,572.027
40,7000,CLASSE MOYENNE,1132,1259.344,1474.432,0,27407.893,0,331.19
52,7000,CLASSE MOYENNE,15000,9084.741,64.885,21256.179,33803.896,0,365.847
68,7000,CLASSE MOYENNE,2035.37,2007.228,18.24,0,70161.79,1,0
68,7000,HAUT DE GAMME,3759.1,4349.063,9042.558,0,61013.442,1,0
57,7000,CLASSE MOYENNE,2766.15,1267.531,76.184,6450.314,23872.529,1,0
56,6000,HAUT DE GAMME,3000,164017.692,14595.522,20710.299,131935.468,0,2021.516
44,7150,TRE,2000,26833.4602,275012.059,0,4023.335,0,80
47,7000,CLASSE MOYENNE,,4416.837,25581.962,0,17852.662,0,80
59,7000,CLASSE MOYENNE,586,1144.631,170.818,0,12240.243,0,172.124
52,7000,HAUT DE GAMME,2432,4915.071,0,8114.968,66670.79,0,731.038
60,7000,CLASSE MOYENNE,1360,3689.828,11074.026,5277.08,16241.579,0,414.698
48,7000,CLASSE MOYENNE,2326,2524.845,302.089,5417.169,55101.845,0,586.74
51,7000,CLASSE MOYENNE,1726,2007.228,18.24,0,70161.79,0,904.076
40,7000,CLASSE MOYENNE,1995,3115.442,1759.179,0,81315.867,0,861.068
47,7000,CLASSE MOYENNE,1224,1046.457,1107.518,0,47727.542,0,909.95
49,7000,CLASSE MOYENNE,2488,1814.587,3372.457,0,55217.773,0,516.838
52,7000,HAUT DE GAMME,7000,35372.966,7900.614,0,18747.423,0,123.713
43,7000,CLASSE MOYENNE,1960,2127.203,17.678,0,78971.986,0,823.982
46,6000,HAUT DE GAMME,8000,4157.142,15213.3498,13462.712,146940.1,0,1301.714
56,7000,CLASSE MOYENNE,1328,1468.244,75.117,0,45498.791,0,642.417
50,7000,CLASSE MOYENNE,7000,17621.816,0,4908.37,58670.736,0,386.883
59,7000,CLASSE MOYENNE,1190,3843.77,16.653,2558.647,21410.32,0,366.076
60,7000,HAUT DE GAMME,650,9325.717,5694.966,2282.062,20027.799,0,431.188
50,7000,CLASSE MOYENNE,2017,2017.154,13.536,4067.219,74993.147,0,1019.355
54,7000,CLASSE MOYENNE,1000,2062.201,26886.87,0,24572.828,0,345.003
48,7000,CLASSE MOYENNE,1218,1820.235,5031.191,0,19852.372,0,289.689
49,7000,HAUT DE GAMME,3145,5123.992,4219.206,17336.945,73918.595,0,919.876
54,7000,CLASSE MOYENNE,2187,2553.158,45.393,5092.252,33694.746,0,382.112
40,7000,HAUT DE GAMME,4842.13,11353.086,411.913,0,102282.902,0,638.245
53,7000,CLASSE MOYENNE,1331,2421.047,0,0,25899.095,0,372.555
45,7000,CLASSE MOYENNE,935,942.567,0,0,42560.209,0,817.434
73,6000,CLASSE MOYENNE,0,16482.732,17755.473,0,19818.194,0,463.746
44,7000,HAUT DE GAMME,5000,4113.287,2735.04,0,46723.55,0,218.666
40,7000,CLASSE MOYENNE,2122,2609.6,34467.377,0,43771.127,0,341.597
51,7000,HAUT DE GAMME,2500,3752.877,2797.732,17430.929,9811.041,0,248.372
51,7000,CLASSE MOYENNE,2023,1614.595,3957.02,5000,20438.589,0,258.058
50,7000,HAUT DE GAMME,5000,5494.668,5959.06,0,189826.897,0,1898.213
38,7000,CLASSE MOYENNE,2375,2201.626,14.401,5533.156,93651.36,0,1065.912
59,7000,CLASSE MOYENNE,757,1092.049,18.214,0,31433.72,0,609.143
56,7000,CLASSE MOYENNE,1129,1008.699,1079.915,0,24026.603,0,344.708
46,7000,HAUT DE GAMME,2700,12223.769,89275.479,0,49366.059,0,462.066
58,7000,HAUT DE GAMME,2145,18262.787,5793.66,16933.298,9132.628,0,307.375
54,7000,CLASSE MOYENNE,2196,1968.893,71.926,0,95170.733,0,1205.94
63,7000,HAUT DE GAMME,2000,13763.39,16830.7991,0,63871.369,0,747.295
52,7000,HAUT DE GAMME,4252,4950.409,0,3623.053,61587.679,0,529.672
45,6000,CLASSE MOYENNE,15000,14083.024,0,26568.014,24974.723,0,412.936
49,7000,CLASSE MOYENNE,1015,1079.49,282.191,0,47035.818,0,882.726
40,7150,TRE,13315,2534.46,86.513,0,154916.217,0,730.424
56,7000,CLASSE MOYENNE,1194,1073.534,76.691,8886.694,13936.678,0,375.052
46,7000,CLASSE MOYENNE,1242,3513.74,8243.779,0,96235.085,0,1820.981
43,7000,CLASSE MOYENNE,690,1184.068,22.493,0,20377.536,0,251.242
50,7000,CLASSE MOYENNE,1081,944.504,247.778,0,45260.093,0,863.641
63,7000,HAUT DE GAMME,5406,5162.755,9685.128,12943.03,71139.64,0,835.472
58,6000,HAUT DE GAMME,2000,8282.688,0,81642.688,22709.858,0,1740.795
53,6000,HAUT DE GAMME,6500,185874.73,7023.515,0,38688.621,0,222.256
53,7000,CLASSE MOYENNE,1142,1042.905,0,0,49551.144,0,940.358
38,7000,CLASSE MOYENNE,2289,4421.68,32810.36,11388.23,66386.858,0,642.177
60,7000,CLASSE MOYENNE,340,1411.472,19.803,3313.081,13237.774,0,440.907
45,7000,HAUT DE GAMME,7000,9718.898,3624.149,20166.92,42841.068,0,399.156
48,7000,CLASSE MOYENNE,1266,1474.909,3553.788,0,33463.189,0,478.53
53,7000,CLASSE MOYENNE,1530,2231.226,0,0,47127.994,0,442.398
42,7000,CLASSE MOYENNE,1343,1390.3,74.769,1873.669,51118.097,0,853.701
43,7000,CLASSE MOYENNE,1788,2163.217,0,7409.361,62706.238,0,760.328
53,7000,HAUT DE GAMME,641,2052.197,67.465,26991.553,138342.018,0,3328.935
50,7000,GRAND PUBLIC,1780,1859.178,51.958,4685.164,32667.323,0,367.161
46,7000,CLASSE MOYENNE,1312,1957.933,71802.013,0,46773.264,0,656.697
63,7000,CLASSE MOYENNE,2274,2365.498,0,12008.489,94335.938,0,1762.328
38,7000,HAUT DE GAMME,1089,2266.721,2496.949,0,36690.281,0,429.276
38,7000,CLASSE MOYENNE,1950,2245.334,512.28,0,73372.544,0,767.324
49,7000,CLASSE MOYENNE,1979,2061.575,1293.42,0,82017.565,0,1027.574
48,7000,CLASSE MOYENNE,1752,2341.674,58.698,1233.539,40854.49,0,399.499
54,7000,CLASSE MOYENNE,2181,1764.908,3833.654,15000,26141.003,0,441.24
44,7000,CLASSE MOYENNE,2606,2020.102,10.701,0,86638.078,0,689.453
49,7000,HAUT DE GAMME,2802,5986.21,24219.306,0,67226.627,0,629.241
42,7000,CLASSE MOYENNE,2051,2418.349,360.055,0,32976.393,0,257.216
40,7000,CLASSE MOYENNE,1757,1671.321,17.146,0,63124.374,0,501.073
46,7000,CLASSE MOYENNE,1252,1461.492,93.292,1569.486,45552.73,0,914.238
49,7000,CLASSE MOYENNE,990,1009.825,35.809,1657.104,32336.019,0,494.135
60,7000,CLASSE MOYENNE,2509,2411.114,3506.067,0,84390.084,0,1016.051
44,7150,TRE,8000,6629.951,189.305294,0,56566.066,0,264.729
52,7000,CLASSE MOYENNE,1254,1174.281,267.404,0,44666.955,0,628.584
47,7000,CLASSE MOYENNE,1462,915.667,317.228,0,48947.704,0,687.226
59,7000,CLASSE MOYENNE,1091,767.96,0,0,35150.152,0,503.585
48,7000,CLASSE MOYENNE,1778,1993.594,188.801,682.082,28453.835,0,285.718
46,6000,HAUT DE GAMME,6378,104374.223,341152.3954,0,110024.795,0,1149.012
46,7000,CLASSE MOYENNE,1847,3667.321,2176.974,0,5955.199,0,80
51,7000,CLASSE MOYENNE,958,1551.006,0,0,28024.023,0,395.335
43,7000,HAUT DE GAMME,2068,4057.318,17.423,0,153088.081,0,1608.76
49,7000,CLASSE MOYENNE,1029,733.392,0,446.337,16617.904,0,273.45
50,7000,CLASSE MOYENNE,2006,1891.643,75.837,8062.436,38056.476,0,475.621
64,7000,CLASSE MOYENNE,1569,1859.701,527.409,6167.889,8252.747,0,155.041
48,7000,CLASSE MOYENNE,2005,2155.018,75.81,4878.21,71100.141,0,980.743
62,7000,CLASSE MOYENNE,935,831.254,0,0,9980.509,0,137.064
43,7000,CLASSE MOYENNE,1895,2903.013,51.859,12612.071,48861.811,0,535.629
41,7000,CLASSE MOYENNE,1600,2820.475,1174.91,0,6794.696,0,80
46,7000,CLASSE MOYENNE,1110,873.618,13.683,3804.308,11852.571,0,255.799
42,7000,CLASSE MOYENNE,1077,1491.127,926.625,4519.9,8516.796,0,173.682
54,7000,HAUT DE GAMME,2300,17865.187,24024.471,0,72931.691,0,682.641
55,7000,CLASSE MOYENNE,,5767.866,1175.809,0,5795.386,0,80
59,7000,CLASSE MOYENNE,1505,1457.279,0,0,46039.838,0,446.887
48,7000,CLASSE MOYENNE,1312,1523.256,0,0,55801.328,0,1044.719
38,7000,CLASSE MOYENNE,2173,2579.224,171.915,13639.607,35935.841,0,429.244
50,7000,CLASSE MOYENNE,830,1097.639,2257.926,5000,26531.415,0,627.708
39,7000,GRAND PUBLIC,2700,1738.696,343.867,2648.702,11325.008,0,107.846
46,7000,CLASSE MOYENNE,2106,3301.674,1526.743,3947.36,65850.742,0,668.089
52,7000,CLASSE MOYENNE,2825,3562.871,795.323,11231.989,49682.252,0,613.401
42,7000,CLASSE MOYENNE,2709,3135.85,110.4,18572.614,41738.218,0,544.206
47,7000,CLASSE MOYENNE,1683,1597.615,2150.717,0,73190.198,0,924.686
56,7000,HAUT DE GAMME,,7673.521,30126.86,27125.124,117893.741,0,80
41,7000,CLASSE MOYENNE,2053,1803.272,96.866,17665.096,36971.163,0,491.184
69,7000,CLASSE MOYENNE,1270,1600.293,0,0,17095.602,0,311.78
40,7000,CLASSE MOYENNE,1013,821.655,2373.152,0,34914.369,0,408.498
46,7000,CLASSE MOYENNE,500,793.681,0,0,16099.699,0,229.101
59,7000,HAUT DE GAMME,2421,4317.223,339.903,6553.769,26879.527,0,351.445
59,7000,CLASSE MOYENNE,1557,7334.217,3147.596,0,4726.964,0,80
51,6000,HAUT DE GAMME,5000,128101.248,355647.3195,1572.987,64986.629,0,727.979
59,7000,CLASSE MOYENNE,1680,1784.651,74.971,3601.546,55019.58,0,575.632
41,7000,CLASSE MOYENNE,2371,2545.836,0,22140.134,47533.256,0,613.326
59,7000,CLASSE MOYENNE,2143,2567.52,0,0,105812.289,0,1337.511
41,7000,HAUT DE GAMME,1394,4144.909,72643.09729,0,12823.566,0,112.527
50,7000,CLASSE MOYENNE,1669,1920.387,17.883,700.578,58620.267,0,564.284
39,7000,CLASSE MOYENNE,2200,1708.333,0,10122.673,26074.099,0,317.59
71,7000,HAUT DE GAMME,1380,1468.25,0,1055.471,2015.729,0,80
44,7000,HAUT DE GAMME,9264,11609.566,7223.423,56865.56,364492.092,0,3737.526
45,7000,CLASSE MOYENNE,1772,1495.716,305.601,0,12443.459,0,87.353
42,7000,HAUT DE GAMME,1948,9110.079,18920.731,0,6038.935,0,80
49,7000,CLASSE MOYENNE,2032,1835.075,0,15808.004,21014.023,0,416.838
50,7000,CLASSE MOYENNE,1048,941.417,0,0,27867.181,0,404.521
46,7000,CLASSE MOYENNE,673,1373.956,4525.022,0,4958.561,0,80
46,7000,CLASSE MOYENNE,1488,1179.443,26.884,0,50580.154,0,720.523
63,7000,GRAND PUBLIC,480,492.815,1677.596,0,11571.907,0,203.087
46,7000,CLASSE MOYENNE,1851,2084.083,712.106,0,82157.304,0,1045.058
57,7000,CLASSE MOYENNE,2099,3225.094,2074.375,5487.555,23312.635,0,290.115
41,7000,CLASSE MOYENNE,1170,1849.812,3.094,0,35706.069,0,417.761
38,7000,CLASSE MOYENNE,1310,1987.47,47.313,0,48105.134,0,750.647
54,7000,CLASSE MOYENNE,800,1945.467,822.016,0,15806.206,0,221.919
38,7000,CLASSE MOYENNE,1100,1677.305,3922.738,0,70299.64,0,1101.735
57,7000,CLASSE MOYENNE,2289,1659.079,8934.616,0,70000,0,655.2
42,7000,HAUT DE GAMME,3284,4742.095,0,25351.766,74525.904,0,863.558
43,7000,CLASSE MOYENNE,1878,1931.097,17.65,8868.676,23667.149,0,282.079
51,7000,CLASSE MOYENNE,1330,1933.928,1782.944,0,60527.158,0,1157.965
42,7000,CLASSE MOYENNE,1892,1969.297,5984.483,4049.751,36073.661,0,325.598
46,7000,HAUT DE GAMME,1500,7079.844,17409.359,0,44651.531,0,423.336
41,7000,HAUT DE GAMME,2043,3646.163,12538.025,5000,67656.457,0,582.32
57,7000,CLASSE MOYENNE,1477,1507.193,0,0,57895.027,0,1089.045
38,7000,CLASSE MOYENNE,1752,2198.793,75.609,0,62511.946,0,495.046
58,7000,CLASSE MOYENNE,1567,1952.157,0,2116.171,39976.717,0,403.4
56,6000,HAUT DE GAMME,4000,6428.675,929.749,19650.621,90483.861,0,909.729
59,7000,HAUT DE GAMME,,2909.136,11316.14,0,46391.146,0,80
49,7000,CLASSE MOYENNE,3444,3197.342,5197.355,0,146067.765,0,1847.341
45,7000,CLASSE MOYENNE,3505,3948.277,179.058,0,126424.575,0,1604.275
51,7000,HAUT DE GAMME,3909,3645.292,0,0,174944.065,0,2224.876
43,7000,HAUT DE GAMME,2800,4786.417,0,0,81197.232,0,644.697
45,7000,HAUT DE GAMME,1500,4278.868,23688.245,0,22950.624,0,214.818
50,7000,CLASSE MOYENNE,1000,1305.989,0,0,33249.291,0,467.294
46,7000,CLASSE MOYENNE,2100,3165.232,3492.919,2125.633,19945.034,0,160.905
51,7000,HAUT DE GAMME,,20994.277,14522.151,11715.156,26047.343,0,80
48,7000,CLASSE MOYENNE,,924.725,423.256,0,20781.261,0,80
41,7000,CLASSE MOYENNE,1800,2071.667,3607.548,0,56569.035,0,441.238
42,7000,HAUT DE GAMME,5947,6222.302,0,24372.473,95746.041,0,833.865
43,6000,CLASSE MOYENNE,2000,5411.538,0,0,114363.005,0,1201.591
57,7000,CLASSE MOYENNE,,36779.839,19630.431,19415.857,42464.588,0,80
54,7000,CLASSE MOYENNE,2258,2087.182,9453.158,24675.021,5553.957,0,375.327
40,7000,HAUT DE GAMME,2533,5916.903,34711.95,11059.367,28257.229,0,341.175
37,7150,HAUT DE GAMME,7000,16661.9467,42212.63775,10128.883,188723.466,0,1288.871
42,7000,HAUT DE GAMME,8000,18652.761,129527.391,96467.298,237334.16,0,3098.271
37,7000,CLASSE MOYENNE,3878,4519.373,0,25442.698,176890.058,0,2241.425
36,7000,HAUT DE GAMME,,2596.978,32684.3,0,96992.509,0,80
40,7000,CLASSE MOYENNE,1811,4370.593,16.958,11755.056,12593.088,0,226.755
45,7000,CLASSE MOYENNE,5000,18529.147,4785.523,30278.67,23390.013,0,371.058
42,7000,HAUT DE GAMME,5675,7048.935,15.989,3933.736,60318.98,0,310.377
46,7000,CLASSE MOYENNE,1621,2070.223,1150.985,0,67749.981,0,845.52
40,7000,CLASSE MOYENNE,2130,3658.837,537.591,1168.287,44778.269,0,374.977
38,7000,CLASSE MOYENNE,858,1584.392,0,0,30427.803,0,375.696
49,7000,CLASSE MOYENNE,1200,1483.516,0,0,55326.919,0,1047.608
35,7000,CLASSE MOYENNE,1755,2057.923,14.526,9212.203,58508.029,0,752.13
40,7000,GRAND PUBLIC,1078,1015.384,2463.645,0,13996.202,0,172.022
46,7000,CLASSE MOYENNE,990,780.767,89.354,0,40310.309,0,799.42
56,7000,GRAND PUBLIC,1149,1115.088,0,4819.136,19312.945,0,373.055
64,6000,GRAND PUBLIC,3000,913.378,0,0,22212.694,0,228.841
51,7000,CLASSE MOYENNE,1351,2207.444,0,7496.325,17815.183,0,407.138
42,7000,HAUT DE GAMME,6783,61775.92,41560.566,0,147248.528,0,932.253
46,7000,CLASSE MOYENNE,3824,3985.654,1070.881,27676.793,50069.375,0,831.326
51,7000,CLASSE MOYENNE,655,1627.616,5628.723,0,39518.674,0,740.275
49,7000,CLASSE MOYENNE,1768,2242.345,0,2528.696,23347.046,0,252.69
36,7000,CLASSE MOYENNE,1594,2245.742,0,9479.207,63369.386,0,804.161
43,7000,CLASSE MOYENNE,1632,1549.344,19.977,0,62304.418,0,661.851
49,7000,HAUT DE GAMME,5078,7768.441,15184.483,4400.442,36126.61,0,237.485
44,7000,HAUT DE GAMME,5146,4878.586,5440.333,25141.441,98610.456,0,851.249
35,7000,CLASSE MOYENNE,1735,1512.143,92.353,5081.514,51898.353,0,466.365
35,7000,CLASSE MOYENNE,1880,2068.899,0,936.889,56193.112,0,456.374
67,7000,CLASSE MOYENNE,649,925.072,0,0,12429.644,0,235.253
57,7000,CLASSE MOYENNE,1545,2682.014,6309.579,0,27535.828,0,257.735
53,7000,CLASSE MOYENNE,1088,3004.541,24697.964,0,25091.033,0,352.278
47,7000,HAUT DE GAMME,3051,807.692,11.096,0,40527.816,0,383.533
47,7000,CLASSE MOYENNE,2178,3062.162,0,0,75207.103,0,720.568
46,7000,CLASSE MOYENNE,2285,3042.48,10.552,0,87780.872,0,1111.104
37,7000,CLASSE MOYENNE,1695,2358.495,154.353,0,74017.743,0,784.376
56,7000,CLASSE MOYENNE,2000,2169.206,9631.989,0,36914.224,0,348.756
39,7000,CLASSE MOYENNE,1489,1939.903,2703.176,0,46589.551,0,545.098
45,7000,CLASSE MOYENNE,2307,3479.218,0,0,79308.458,0,753.325
51,7000,HAUT DE GAMME,3241,5269.535,17736.7,0,101629.391,0,951.251
46,7000,CLASSE MOYENNE,2115,2413.704,14268.297,0,52425.409,0,490.776
52,7000,CLASSE MOYENNE,585,1181.985,2267.889,0,4177.758,0,80
48,7000,HAUT DE GAMME,2567,22962.946,9732.557,0,3465.201,0,80
43,7000,CLASSE MOYENNE,1367,3970.126,20418.583,0,53567.86,0,835.659
44,7000,CLASSE MOYENNE,2084,2025.428,222.733,0,86491.835,0,911.007
48,7000,CLASSE MOYENNE,1786,1689.704,76.787,14442.105,29994.408,0,479.812
42,7000,HAUT DE GAMME,5600,8458.242,19372.0053,0,370632.887,0,3085.889
46,7000,CLASSE MOYENNE,1806,3923.966,5301.594,0,26289.255,0,246.067
46,7000,HAUT DE GAMME,1209,1819.333,1104.945,0,87868.48,0,1656.936
40,7000,HAUT DE GAMME,1860,9211.355,18.203,0,108825.353,0,1165.995
45,7000,CLASSE MOYENNE,1112,1526.433,0,0,35575.911,0,512.249
45,7000,GRAND PUBLIC,102000,1896.47,1248.426,9965.279,15673.084,0,184.117
30,7000,JEUNES,1564,1583.498,15.924,3581.187,57536.549,0,660.837
47,7000,CLASSE MOYENNE,1000,13422.935,2135.718,25061.948,238861.183,0,5128.305
53,7000,GRAND PUBLIC,1000,275.907,3965.68,0,29813.304,0,418.579
66,6000,CLASSE MOYENNE,10000,5641.967,0,0,40484.85,0,301.467
39,7000,CLASSE MOYENNE,1150,1048.8,0,4416.27,33659.564,0,471.76
59,7000,HAUT DE GAMME,4600,12652.084,21230.444,0,10152.035,0,80
37,7000,CLASSE MOYENNE,1093,749.317,654.648,640.357,35505.65,0,448.36
56,6000,CLASSE MOYENNE,2000,17385.99,10291.614,0,75542.682,0,942.773
42,7000,CLASSE MOYENNE,2075,1249.38,17.846,0,56639.866,0,442.17
41,7000,HAUT DE GAMME,33000,15222.759,34872.157,0,16436.733,0,80
45,7000,CLASSE MOYENNE,1000,6750.068,11865.204,0,4474.772,0,80
62,7000,CLASSE MOYENNE,1718.008,1859.897,2893.776,6113.049,10633.9,0,173.417
46,7000,HAUT DE GAMME,2200,3112.712,1087.894,11756.469,48182.849,0,625.725
42,7000,CLASSE MOYENNE,2013,2247.57,1633.971,11539.134,27169.491,0,337.929
49,7000,CLASSE MOYENNE,1041,1059.889,268.027,0,49138.731,0,940.379
50,7000,CLASSE MOYENNE,1413,1974.842,0,0,19061.712,0,268.707
49,7000,CLASSE MOYENNE,1964,2091.474,230.044,0,90922.447,0,1147.572
35,7000,CLASSE MOYENNE,700,883.557,0,0,18252.634,0,216.377
39,7000,CLASSE MOYENNE,1495,1430.428,0,0,65602.869,0,1046.354
33,7000,CLASSE MOYENNE,1125,2034.226,95.816,0,40728.128,0,635.359
35,7000,HAUT DE GAMME,1172,1577.961,1907.415,1747.29,42810.767,0,722.66
56,6000,CLASSE MOYENNE,10000,103026.436,28681.6442,24604.784,165353.913,0,1824.502
59,7000,CLASSE MOYENNE,2075,4871.415,22064.997,4102.001,11739.436,0,123.6
36,7000,CLASSE MOYENNE,1678,41546.028,13.663,0,69320.531,0,730.829
50,7000,GRAND PUBLIC,13000,6251.615,9034.058,0,11613.828,0,80
46,7000,CLASSE MOYENNE,,2044.31,24657.868,0,50846.724,0,80
64,7000,GRAND PUBLIC,565,513.26,0,5328.257,2220.079,0,175.407
43,7000,CLASSE MOYENNE,1629,824.175,404.402,1111.829,51468.224,0,413.593
42,7000,CLASSE MOYENNE,2126,3509.505,56789.745,0,26556.219,0,207.139
53,7000,CLASSE MOYENNE,818,1160.178,0,912.59,14772.519,0,229.131
53,7000,CLASSE MOYENNE,1921,7515.885,2579.303,1275.387,30292.006,0,314.382
57,7000,HAUT DE GAMME,1186,2816.468,1438.419,0,33641.409,0,479.127
39,7000,CLASSE MOYENNE,1676,1788.409,0,9384.354,15863.945,0,226.334
51,7000,CLASSE MOYENNE,1120,2053.22,4911.868,0,26440.411,0,389.259
49,7000,CLASSE MOYENNE,1718,781.63,0,0,19185.846,0,137.262
61,7000,HAUT DE GAMME,1745,8111.555,0.152,0,59462.612,0,711.595
50,7000,HAUT DE GAMME,5000,7751.88,0,18107.252,67144.1,0,716.052
60,7000,CLASSE MOYENNE,1243,2275.733,4278.922,0,25256,0,443.243
55,7000,CLASSE MOYENNE,2032,2027.968,0,3463.171,56469.611,0,579.157
55,7000,CLASSE MOYENNE,788,1258.986,0,0,3268.938,0,80
42,7000,CLASSE MOYENNE,1468,1899.772,0,0,49374.099,0,587.785
58,7000,HAUT DE GAMME,6300,6367.974,13100.875,0,7512.567,0,80
41,7000,CLASSE MOYENNE,1780,2191.96,423.128,0,32009.368,0,249.673
63,7000,CLASSE MOYENNE,1821.457,1992.05,1603.873,3288.485,12160.911,0,147.111
39,7000,CLASSE MOYENNE,,8212.172,8775.852,0,46202.751,0,80
56,7000,HAUT DE GAMME,1656,9102.383,1537.73,16510.863,37260.715,0,567.588
59,7000,HAUT DE GAMME,3864.666,6787.055,639.905,0,60499.604,0,581.008
39,7000,CLASSE MOYENNE,2629,8103.154,6943.479,15179.576,6910.399,0,164.747
50,7000,CLASSE MOYENNE,2500,2153.572,4936.204,34956.856,56028.284,0,1330.699
58,7000,HAUT DE GAMME,2500,25955.839,10433.89,43043.296,137556.612,0,2468.759
47,7150,TRE,15000,200027.2043,480702.6266,0,706941.843,0,7058.107
46,7000,CLASSE MOYENNE,2000,6200.292,0,0,83997.628,0,1062.425
35,7000,GRAND PUBLIC,1000,543.956,103.02,0,12906.527,0,157.602
52,7000,CLASSE MOYENNE,840,1198.208,536.677,0,11276.991,0,158.468
47,7000,HAUT DE GAMME,3341,7153.21,0,25369.681,153499.258,0,2422.921
43,6000,CLASSE MOYENNE,2000,7669.165,24996.351,32542.044,63629.735,0,1151.793
41,7000,CLASSE MOYENNE,1888,1911.725,0,4497.586,18296.475,0,191.988
35,7150,TRE,15000,1813.186,0.103,0,22792.645,0,109.718
37,7000,HAUT DE GAMME,7000,4286.813,12405.567,0,67700.131,0,321.341
34,6000,HAUT DE GAMME,5000,76272.651,18591.87,31328.973,237835.526,0,2890.45
52,7000,CLASSE MOYENNE,2400,4463.545,13338.447,20362.269,12034.336,0,396.608
53,7150,TRE,52590,8251.526,11827.601,0,64804.736,0,363.943
44,7000,HAUT DE GAMME,2239,6355.573,12611.254,44701.717,133782.094,0,2042.191
58,7000,CLASSE MOYENNE,1500,1921.209,55173.095,0,10243.338,0,80
40,7000,CLASSE MOYENNE,2309,2901.758,32667.615,3769.667,39740.493,0,363.141
52,7000,CLASSE MOYENNE,4150,3250.142,150.316,19000,15218.19,0,244.608
44,7000,HAUT DE GAMME,10000,15457.341,0,11831.657,221211.245,0,1485.793
56,6000,GRAND PUBLIC,2500,1884.051,4074.745,0,40233.135,0,405.911
55,7000,CLASSE MOYENNE,1788,1815.906,4503.541,14531.367,6082.092,0,195.169
38,7000,CLASSE MOYENNE,1400,1620.288,2850.149,0,71263.481,0,1134.71
53,7000,HAUT DE GAMME,1730,5552.182,358,0,50375.349,0,471.513
43,7000,CLASSE MOYENNE,1121,663.356,15.495,0,40636.234,0,648.278
46,6000,HAUT DE GAMME,2000,1813.186,15780.7008,0,41118.378,0,384.868
57,6000,HAUT DE GAMME,15000,73207.901,38281.511,33456.818,143451.579,0,1088.632
53,7000,CLASSE MOYENNE,1724,1087.912,0,2544.715,45757.616,0,474.326
55,7000,HAUT DE GAMME,3931,18737.422,6422.805,0,73245.338,0,685.576
23,6000,GRAND PUBLIC,4774.96,5031.201,1185.543,0,2093.953,1,0
66,7000,HAUT DE GAMME,3229.09,4883.778,20237.07,0,77734.371,1,0
73,7000,CLASSE MOYENNE,5872.99,1809.827,1432.088,0,87619.692,1,0
25,7000,HAUT DE GAMME,2218.66,5552.182,358,0,50375.349,1,0
64,7000,CLASSE MOYENNE,5731.55,2068.472,842.674,0,59079.259,1,0
54,7000,CLASSE MOYENNE,3377.9,2127.203,17.678,0,78971.986,1,0
66,7000,CLASSE MOYENNE,4895.01,2835.078,12464.338,0,3484.554,1,0
63,7000,HAUT DE GAMME,5569.75,1468.25,0,1055.471,2015.729,1,0
70,7000,HAUT DE GAMME,3927.7,61981.03,19762.915,0,141866.921,1,0
66,7000,CLASSE MOYENNE,1746.65,1788.409,0,9384.354,15863.945,1,0
49,7000,CLASSE MOYENNE,1400,3015.426,4308.213,0,25335.091,0,355.705
54,7000,CLASSE MOYENNE,1349,1184.865,238.228,12014.885,14213.548,0,442.625
47,7000,CLASSE MOYENNE,1377,1876.088,269.817,0,45325.14,0,636.365
56,7000,CLASSE MOYENNE,1063,956.036,540.463,0,24629.456,0,345.798
51,7000,CLASSE MOYENNE,1067,718.605,0,0,37779.209,0,555.264
46,7000,HAUT DE GAMME,1705,1776.632,1082.177,0,65850.742,0,821.817
34,7000,CLASSE MOYENNE,1151,1766.052,75.881,0,61634.551,0,965.229
45,7000,HAUT DE GAMME,2092,2635.874,73.434,7583.459,78347.832,0,1124.592
53,7000,HAUT DE GAMME,8700,7649.346,41299.192,44922.779,48708.973,0,626.75
60,7000,CLASSE MOYENNE,1064,1124.489,1125.107,0,24310.826,0,426.655
41,7000,CLASSE MOYENNE,1559,1722.836,12.934,7687.093,51292.452,0,653.397
54,7000,CLASSE MOYENNE,2500,3098.715,9.78,7171.798,76213.898,0,815.294
41,7000,GRAND PUBLIC,1190,824.175,0,0,39723.739,0,471.976
42,7000,CLASSE MOYENNE,1247,808.566,15.016,0,59744.18,0,957.776
43,7000,CLASSE MOYENNE,1000,2204.67,757.902,0,10463.659,0,91.819
43,7000,GRAND PUBLIC,887,569.712,817.538,759.809,23758.827,0,317.444
45,7000,CLASSE MOYENNE,1240,1131.398,3242.572,0,47147.922,0,882.609
50,7000,CLASSE MOYENNE,1992,2000.472,10.502,8137.198,54124.901,0,613.813
54,7000,CLASSE MOYENNE,2900,3790.857,0,16935.883,36183.767,0,568.206
41,7000,CLASSE MOYENNE,2654,4559.365,10.903,0,113569.05,0,1198.239
57,7000,CLASSE MOYENNE,1872,1618.198,603.73,13440.625,20916.7,0,376.49
47,7000,CLASSE MOYENNE,1500,1843.974,0,0,8259.337,0,80
71,6000,HAUT DE GAMME,4499.51,18180.804,430400.4231,99127.987,133415.055,1,0
25,7000,CLASSE MOYENNE,1614.48,2835.078,12464.338,0,3484.554,1,0
42,7000,CLASSE MOYENNE,1209.93,2247.57,1633.971,11539.134,27169.491,1,0
49,7000,CLASSE MOYENNE,1919,2035.549,468.57,0,158494.048,0,1978.006
40,7000,CLASSE MOYENNE,1381,1299.2,6686.968,15000,15726.442,0,429.699
40,7000,CLASSE MOYENNE,1726,1639.827,1357.344,7000,28828.098,0,301.299
55,7000,CLASSE MOYENNE,1587,1902.731,19.012,0,55163.904,0,522.028
43,7000,CLASSE MOYENNE,3314,4182.904,-0.0002,0,104731.839,0,834.749
51,7000,GRAND PUBLIC,550,1083.23,6895.066,0,14394.443,0,207.503
54,7000,HAUT DE GAMME,1080,1350.613,993.584,1052.502,14911.525,0,230.046
35,7000,CLASSE MOYENNE,1635,2621.395,0,1868.234,34935.985,0,301.394
54,7000,CLASSE MOYENNE,943,3142.582,2525.624,0,38191.101,0,714.937
39,7000,CLASSE MOYENNE,2117,2149.012,0,0,84773.016,0,894.5
56,7000,HAUT DE GAMME,9000,3846.193,6319.312,0,36514.12,0,205.063
53,7000,CLASSE MOYENNE,2334,2638.289,3766.958,0,59515.188,0,557.062
56,6000,HAUT DE GAMME,5467,17813.456,4310.775,187112.983,107161.794,0,3685.294
44,7000,CLASSE MOYENNE,1571,1664.916,2096.977,7705.307,45498.791,0,439.033
39,7000,GRAND PUBLIC,1382,516.346,0,0,33617.094,0,397.515
53,7000,CLASSE MOYENNE,1052,1773.001,17909.233,0,28307.448,0,397.437
63,7000,HAUT DE GAMME,4700,6157.758,337.863,26555.309,59253.303,0,993.976
59,7000,CLASSE MOYENNE,2099,2284.843,17.703,8344.508,44472.371,0,527.477
50,7000,GRAND PUBLIC,650,1425.824,2532.88,0,7854.258,0,110.274
46,6000,HAUT DE GAMME,0,7170.641,85679.388,0,230862.988,0,4324.555
36,7000,CLASSE MOYENNE,1063,1047.534,0,0,47530.5,0,751.997
55,7000,CLASSE MOYENNE,1014,2042.756,605.715,0,22077.254,0,309.965
39,7000,CLASSE MOYENNE,1054,1846.282,344.274,0,27103.311,0,317.109
52,7000,HAUT DE GAMME,4608,4849.917,3865.094,41743.687,35734.567,0,710.62
58,7000,CLASSE MOYENNE,1450,1841.042,2911.425,0,15751.351,0,171.02
45,7000,HAUT DE GAMME,,5029.515,879.583,0,125847.435,0,80
40,7000,GRAND PUBLIC,905,695.182,0,2024.815,30427.763,0,399.223
32,7000,HAUT DE GAMME,10000,5798.901,5357.679,10058.792,131425.856,0,946.189
33,7000,HAUT DE GAMME,2375,13433.929,25912.159,2567.813,302478.909,0,3222.72
61,7000,HAUT DE GAMME,870,11379.667,5095.846,57157.834,41542.712,0,2846.996
49,6000,HAUT DE GAMME,20000,43856.934,14052.203,0,700624.721,0,5321.585
45,7000,GRAND PUBLIC,500,354.395,309.992,0,15450.754,0,216.929
36,7000,CLASSE MOYENNE,1605,1879.255,3312.389,4057.446,57134.494,0,670.135
58,7000,HAUT DE GAMME,1000,4574.175,3596.4606,0,159016.179,0,3090.35
53,7000,CLASSE MOYENNE,,1182.824,0,5066.741,19377.05,0,80
45,7000,CLASSE MOYENNE,1380,1267.531,76.184,6450.314,23872.529,0,461.958
42,7000,HAUT DE GAMME,10000,9034.326,0,24001.124,72461.946,0,564.864
51,7000,CLASSE MOYENNE,1748,2222.171,513.218,0,69725.446,0,870.174
37,7000,HAUT DE GAMME,3608,7206.43,2147.245,0,65270.323,0,509.109
54,7000,CLASSE MOYENNE,1000,2439.036,264.405,0,41597.692,0,778.709
49,7000,CLASSE MOYENNE,1558,2059.05,612.736,0,58165.242,0,725.902
55,7000,GRAND PUBLIC,1000,1889.93,0,12066.944,25803.308,0,833.678
34,7000,CLASSE MOYENNE,1580,1746.641,2788.913,10392.769,75507.587,0,936.945
28,6000,JEUNES,,12452.909,6452.773,0,176609.89,0,80
29,7000,JEUNES,1389,831.888,684.307,0,48429.67,0,493.884
46,7000,HAUT DE GAMME,30000,38390.109,755.432,0,50329.61,0,320.745
39,7000,CLASSE MOYENNE,3097,3205.158,3716.601,23087.024,11351.388,0,256.417
38,6000,HAUT DE GAMME,5000,18180.804,430400.4231,99127.987,133415.055,0,2264.656
61,7000,HAUT DE GAMME,2500,9082.398,756.383,5788.581,47066.942,0,666.609
47,6000,CLASSE MOYENNE,700,1137.842,60.627,0,28469.333,0,532.946
44,7000,CLASSE MOYENNE,1035,1181.733,0,2993.664,26025.932,0,362.882
53,7000,HAUT DE GAMME,2888,4903.788,816.39,0,29212.905,0,205.075
41,6000,HAUT DE GAMME,5000,4112.637,9409.036,0,218171.65,0,1943.861
45,7000,CLASSE MOYENNE,1760,3573.836,4969.611,0,71779.52,0,895.808
41,7150,TRE,10000,16153.20057,8217.11596,45613.434,106470.277,0,1076.621
59,7000,GRAND PUBLIC,3136,5239.205,8525.079,0,72453.261,0,678.163
39,6000,HAUT DE GAMME,9083,87681.306,15353.891,68157.034,119977.905,0,1375.525
42,7000,CLASSE MOYENNE,2819,1809.827,1432.088,0,87619.692,0,693.022
42,7000,HAUT DE GAMME,1000,3442.443,2244.856,18328.901,22390.508,0,762.479
49,7000,HAUT DE GAMME,2481,3561.471,4236.094,10243.545,18728.843,0,232.286
63,7000,CLASSE MOYENNE,4000,35516.13,0,85860.469,41657.903,0,1546.567
35,7000,HAUT DE GAMME,5000,3764.613,0,0,51171.336,0,242.065
34,7000,CLASSE MOYENNE,1381,1766.608,10.724,0,64783.167,0,1027.423
41,7000,CLASSE MOYENNE,5000,1773.26,731.39,0,59220.67,0,287.439
45,7000,CLASSE MOYENNE,795,1183.793,579.769,0,8925.997,0,93.991
53,7000,HAUT DE GAMME,2000,21397.118,20902.57,6759.043,11903.296,0,168.365
50,7000,HAUT DE GAMME,,25795.853,34611.076,84489.779,71214.696,0,80
44,7000,HAUT DE GAMME,,18303.569,11703.127,0,102446.87,0,80
41,7000,CLASSE MOYENNE,,2068.472,842.674,0,59079.259,0,80
62,7000,HAUT DE GAMME,23250,9505.219,4173.788,18851.523,85421.363,0,909.236
50,7000,CLASSE MOYENNE,2500,2382.527,312.347,21525.418,40250.233,0,658.811
47,7000,HAUT DE GAMME,2000,3943.636,0,0,27361.292,0,259.778
48,7000,CLASSE MOYENNE,1628,1882.993,94.993,0,37395.08,0,350.018
48,7000,HAUT DE GAMME,5006,7384.203,0,13756.21,160657.187,0,1436.205
60,7000,CLASSE MOYENNE,1640,1926.832,4801.305,956.005,66990.497,0,1065.931
43,7000,HAUT DE GAMME,1500,1317.962,0,0,66845.513,0,724.287
47,7000,CLASSE MOYENNE,1000,2678.571,71.893,0,190681.883,0,3665.476
42,7000,CLASSE MOYENNE,3742,4227.292,3599.819,4052.868,91090.431,0,764.074
43,7000,HAUT DE GAMME,650,47104.433,10950.395,47479.257,23735.507,0,1513.588
45,7000,HAUT DE GAMME,3194,1763.736,19077.632,0,48619.46,0,455.078
48,7000,HAUT DE GAMME,3000,17007.315,6883.09,0,197004.621,0,2458.618
57,7000,CLASSE MOYENNE,1500,1860.484,0,0,36717.88,0,351.541
35,7000,CLASSE MOYENNE,1168,863.369,0,0,34413.439,0,405.984
57,6000,HAUT DE GAMME,3000,15780.108,5111.326,49169.821,60434.208,0,1751.068
46,7000,GRAND PUBLIC,2000,3071.713,8913.369,0,80000,0,998.4
38,7000,HAUT DE GAMME,1100,6305.113,4358.036,37489.44,49551.205,0,1634.974
33,6000,HAUT DE GAMME,17388.8,112636.173,63901.1694,91446.919,157622.536,0,2083.47
48,7000,HAUT DE GAMME,8743,10312.145,9103.591,42209.596,98400.476,0,1200.148
52,7000,HAUT DE GAMME,8988.294,9277.675,9253.398,38043.492,104629.494,0,1200.807
45,7000,CLASSE MOYENNE,1145,1113.19,0,0,46469.116,0,903.903
51,7000,HAUT DE GAMME,8857,9291.979,0,41508.944,238722.663,0,2255.517
54,7000,CLASSE MOYENNE,,3171.419,11186.91,0,20445.689,0,80
60,7000,HAUT DE GAMME,1000,13854.898,5270.997,0,128754.222,0,3208.879
49,7000,CLASSE MOYENNE,0,1767.552,3752.22,0,43089.391,0,806.633
43,7000,CLASSE MOYENNE,1103,985.767,0,0,41717.88,0,681.67
43,7150,TRE,10000,37448.08197,8900.928081,31900.049,44078.981,0,415.299
59,7000,CLASSE MOYENNE,2313,2034.353,0,3765.827,74481.222,0,758.923
46,7000,CLASSE MOYENNE,1095,1085.24,3456.083,6038.685,25669.968,0,514.615
31,7000,JEUNES,3000,3154.2,10.518,0,42519.086,0,338.315
46,7000,CLASSE MOYENNE,1100,1900.737,9314.373,0,62326.924,0,1166.76
53,7000,HAUT DE GAMME,,16.965,6073.94,0,98504.224,0,80
40,7000,HAUT DE GAMME,,61981.03,19762.915,0,141866.921,0,80
51,7000,GRAND PUBLIC,400,888.461,17.533,0,12868.977,0,182.828
47,7000,CLASSE MOYENNE,831,1076.024,0,0,2763.187,0,80
60,7000,CLASSE MOYENNE,1626,2103.538,7378.703,0,67701.024,0,1061.416
59,7000,HAUT DE GAMME,,7666.634,31516.78,22014.229,8232.018,0,80
58,7000,GRAND PUBLIC,1850,4499.038,4444.266,6796.03,50825.947,0,564.786
38,7000,CLASSE MOYENNE,1500,16087.751,1363.26,0,3353.906,0,80
47,7000,HAUT DE GAMME,,3938.883,1533.634,0,16504.806,0,80
63,7000,CLASSE MOYENNE,2225,2707.854,0,4919.517,25026.708,0,396.033
51,7000,CLASSE MOYENNE,1681,1232.055,0,1843.338,64188.379,0,859.196
21,7000,HAUT DE GAMME,,3379.12,10573.881,0,185751.795,0,80
54,7000,HAUT DE GAMME,10000,4739.01,0,35751.155,238379.362,0,2271.633
61,6000,HAUT DE GAMME,10000,235177.825,45098.159,50000,196309.921,0,2738.74
53,7000,HAUT DE GAMME,1,19462.962,11684.706,0,92000,0,1722.24
55,7000,CLASSE MOYENNE,5102.93,1004.427,75.81,4429.997,36313.841,1,0
43,7000,CLASSE MOYENNE,859.41,8103.154,6943.479,15179.576,6910.399,1,0
56,7000,CLASSE MOYENNE,4778.24,1059.889,268.027,0,49138.731,1,0
40,7000,CLASSE MOYENNE,2263,2398.628,24.338,14805.013,32424.021,0,421.006
44,7000,CLASSE MOYENNE,2264,2488.05,7.658,0,107082.942,0,1127.489
45,7000,CLASSE MOYENNE,1200,1427.252,1069.408,0,30799.534,0,432.425
48,7000,GRAND PUBLIC,2355.83,492.815,1677.596,0,11571.907,1,0
27,7000,GRAND PUBLIC,3827.28,1738.696,343.867,2648.702,11325.008,1,0
39,7000,CLASSE MOYENNE,2780.57,1113.19,0,0,46469.116,1,0
45,7000,HAUT DE GAMME,5488.87,13128.841,44138.765,0,65126.873,1,0
69,7000,CLASSE MOYENNE,5393.13,1600.293,0,0,17095.602,1,0
45,7000,CLASSE MOYENNE,1710.07,2365.498,0,12008.489,94335.938,1,0
25,7000,HAUT DE GAMME,2580.97,11353.086,411.913,0,102282.902,1,0
45,7000,CLASSE MOYENNE,5489.48,2682.014,6309.579,0,27535.828,1,0
73,7000,CLASSE MOYENNE,1842.91,2411.114,3506.067,0,84390.084,1,0
72,7000,CLASSE MOYENNE,4335.82,873.618,13.683,3804.308,11852.571,1,0
26,7000,CLASSE MOYENNE,4116.74,1232.055,0,1843.338,64188.379,1,0
34,7000,CLASSE MOYENNE,3429.59,3142.582,2525.624,0,38191.101,1,0
45,7000,CLASSE MOYENNE,1481.46,2053.22,4911.868,0,26440.411,1,0
21,7000,HAUT DE GAMME,3196.07,5029.515,879.583,0,125847.435,1,0
26,6000,HAUT DE GAMME,1622.97,76272.651,18591.87,31328.973,237835.526,1,0
62,6000,HAUT DE GAMME,4468.51,237153.088,0,50000,261832.666,0,4166.226
25,7000,CLASSE MOYENNE,5570.26,3234.89,5724.616,17460.677,13715.899,1,0
64,7000,CLASSE MOYENNE,5792.86,2524.845,302.089,5417.169,55101.845,1,0
38,7000,CLASSE MOYENNE,1840.45,2365.498,0,12008.489,94335.938,1,0
37,7000,HAUT DE GAMME,5408.91,18303.569,11703.127,0,102446.87,0,646.934
74,7000,CLASSE MOYENNE,4311.7,2365.498,0,12008.489,94335.938,1,0
41,7000,CLASSE MOYENNE,1496.87,1902.731,19.012,0,55163.904,1,0
59,6000,GRAND PUBLIC,4159.54,1614.23,561.889,13576.005,5376.71,1,0
41,7000,CLASSE MOYENNE,1452,1440.573,16.686,0,42992.718,0,519.101
49,7000,CLASSE MOYENNE,1256,1004.427,75.81,4429.997,36313.841,0,608.257
40,7000,CLASSE MOYENNE,1519,2589.028,0,0,61216.451,0,643.669
44,7000,CLASSE MOYENNE,1128,930.886,131.373,0,48008.648,0,748.935
34,7000,CLASSE MOYENNE,1503,3033.069,11.482,0,63460.707,0,668.276
55,7000,CLASSE MOYENNE,1453,1324.377,47.715,0,58017.922,0,1092.466
50,7000,CLASSE MOYENNE,1110,1339.29,0,0,38652.217,0,553.463
51,7000,CLASSE MOYENNE,1175,1149.371,72.116,1212.18,22078.404,0,350.229
40,7000,CLASSE MOYENNE,2522,2862.172,215.361,3847.955,22473.155,0,162.983
51,7000,CLASSE MOYENNE,1211,1009.948,14.093,964.715,25109.586,0,379.3
35,7000,CLASSE MOYENNE,4197.94,1911.725,0,4497.586,18296.475,1,0
33,7000,HAUT DE GAMME,5812.74,4742.095,0,25351.766,74525.904,1,0
45,7150,TRE,2358.1,2347.252,14.927,0,14333.853,1,0
40,7000,CLASSE MOYENNE,4056.49,2553.158,45.393,5092.252,33694.746,1,0
48,7000,CLASSE MOYENNE,4522.16,2382.527,312.347,21525.418,40250.233,1,0
58,7000,CLASSE MOYENNE,5966.7,1717.145,2943.027,8229.414,10366.198,1,0
45,7000,HAUT DE GAMME,2289.21,3752.877,2797.732,17430.929,9811.041,1,0
60,7000,HAUT DE GAMME,2335.58,3506.868,1143.445,36702.557,43003.561,1,0
48,7000,HAUT DE GAMME,30000,10711.633,0.5876,0,120253.799,0,753.192
60,7000,HAUT DE GAMME,12295,3506.868,1143.445,36702.557,43003.561,0,697.34
43,7000,CLASSE MOYENNE,2164,3331.948,75.804,8775.223,21385.927,0,268.745
59,7000,CLASSE MOYENNE,2796,2591.178,8717.862,0,98915.817,0,925.852
54,7000,GRAND PUBLIC,2200,1400.681,431.283,0,13026.326,0,138.736
48,7000,CLASSE MOYENNE,3484.44,1764.908,3833.654,15000,26141.003,1,0
29,7000,HAUT DE GAMME,4317.45,7649.346,41299.192,44922.779,48708.973,1,0
67,7000,HAUT DE GAMME,4014.55,12200.709,18.638,0,64053.873,1,0
59,7000,HAUT DE GAMME,4947.11,2635.874,73.434,7583.459,78347.832,0,669.82
50,7000,HAUT DE GAMME,1976.23,807.692,11.096,0,40527.816,1,0
29,7000,HAUT DE GAMME,2360.85,4836.208,6103.629,27604.218,31491.523,1,0
41,7000,CLASSE MOYENNE,5725.27,2149.012,0,0,84773.016,1,0
37,7000,CLASSE MOYENNE,3505.11,14834.395,18348.844,0,15466.016,1,0
30,7000,CLASSE MOYENNE,3973.26,1553.647,15.523,5992.474,20826.773,1,0
33,7000,CLASSE MOYENNE,5246.31,3230.885,2367.79,21140.384,11534.329,1,0
28,7000,HAUT DE GAMME,1998.53,9110.079,18920.731,0,6038.935,1,0
43,7000,CLASSE MOYENNE,2139.65,1582.849,47.406,0,15795.827,1,0
63,7000,CLASSE MOYENNE,1067.01,4463.545,13338.447,20362.269,12034.336,1,0
24,7000,GRAND PUBLIC,3153.92,354.395,309.992,0,15450.754,0,80
57,7000,HAUT DE GAMME,3105.55,7751.88,0,18107.252,67144.1,1,0
63,7000,HAUT DE GAMME,1142.39,3379.12,10573.881,0,185751.795,1,0
72,7000,HAUT DE GAMME,1178.93,3561.471,4236.094,10243.545,18728.843,1,0
63,7000,HAUT DE GAMME,3341.19,4950.409,0,3623.053,61587.679,1,0
38,7000,CLASSE MOYENNE,1940.59,1411.472,19.803,3313.081,13237.774,1,0
46,7000,HAUT DE GAMME,6150,8707.044,0,43269.066,56516.64,0,884.932
59,7150,TRE,20400,4560.618,0,0,143773.246,0,821.21
38,6000,CLASSE MOYENNE,5000,13048.646,7763.686,0,40643.199,0,190.558
37,7000,HAUT DE GAMME,2350,8244.714,20970.295,0,96628.577,0,1004.937
34,7000,CLASSE MOYENNE,1024,1652.751,16.862,2327.303,42895.288,0,735.094
38,7000,CLASSE MOYENNE,1433,578.986,16.668,1056.648,40130.123,0,526.467
28,7000,HAUT DE GAMME,5769.43,1776.632,1082.177,0,65850.742,1,0
73,7000,CLASSE MOYENNE,3817.45,4117.269,12804.351,0,91053.692,1,0
53,7000,CLASSE MOYENNE,4616.19,1184.865,238.228,12014.885,14213.548,1,0
22,7000,CLASSE MOYENNE,3631.14,2535.933,3938.469,0,36348.37,1,0
24,6000,CLASSE MOYENNE,863.93,13048.646,7763.686,0,40643.199,1,0
71,6000,HAUT DE GAMME,5939.24,164017.692,14595.522,20710.299,131935.468,1,0
30,7000,GRAND PUBLIC,5620.3,1738.696,343.867,2648.702,11325.008,1,0
40,7000,CLASSE MOYENNE,4401.71,1198.208,536.677,0,11276.991,1,0
65,7000,CLASSE MOYENNE,4571.18,1182.824,0,5066.741,19377.05,1,0
31,7000,CLASSE MOYENNE,3130.8,1198.208,536.677,0,11276.991,1,0
51,7000,CLASSE MOYENNE,3756.04,2589.028,0,0,61216.451,1,0
65,7000,HAUT DE GAMME,4125.03,18262.787,5793.66,16933.298,9132.628,1,0
53,7000,HAUT DE GAMME,4000,3577.772,0,18974.993,172425.869,0,2001.399
63,7000,HAUT DE GAMME,1271,66337.957,3836.571,18423.674,33803.896,0,1532.88
48,7000,CLASSE MOYENNE,0,4276.569,2131.269,5426.309,31255.796,0,750.447
58,7000,CLASSE MOYENNE,1134,1698.538,0,0,31334.895,0,441.401
64,7000,CLASSE MOYENNE,2467.08,2535.933,3938.469,0,36348.37,0,425.276
36,7000,CLASSE MOYENNE,1646.17,2059.05,612.736,0,58165.242,1,0
36,7000,CLASSE MOYENNE,1441.24,3250.142,150.316,19000,15218.19,1,0
72,7000,CLASSE MOYENNE,5551.49,925.072,0,0,12429.644,1,0
73,7000,CLASSE MOYENNE,1026.61,3225.094,2074.375,5487.555,23312.635,1,0
32,7000,HAUT DE GAMME,5207.42,18395.136,5842.986,16475.493,160000,0,1153.224
56,7000,CLASSE MOYENNE,2416.26,1746.641,2788.913,10392.769,75507.587,1,0
64,7150,TRE,5987.07,2873.716,0,0,68383.713,1,0
61,7000,CLASSE MOYENNE,5878.81,1228.775,2135.301,3236.026,39194.701,1,0
64,7000,CLASSE MOYENNE,1692.01,1860.484,0,0,36717.88,1,0
42,7000,HAUT DE GAMME,4343.88,2266.721,2496.949,0,36690.281,1,0
73,7000,GRAND PUBLIC,1325.57,1738.696,343.867,2648.702,11325.008,1,0
59,7000,HAUT DE GAMME,951.38,4317.223,339.903,6553.769,26879.527,1,0
47,7000,CLASSE MOYENNE,3585.43,2382.527,312.347,21525.418,40250.233,1,0
44,7000,CLASSE MOYENNE,2905.21,1324.377,47.715,0,58017.922,1,0
61,7000,CLASSE MOYENNE,3445.51,3492.486,9924.779,0,15822.052,1,0
30,7000,CLASSE MOYENNE,3883.05,1992.05,1603.873,3288.485,12160.911,0,104.574
44,7000,CLASSE MOYENNE,3497.11,1073.534,76.691,8886.694,13936.678,0,160.039
53,7000,GRAND PUBLIC,4401.54,569.712,817.538,759.809,23758.827,1,0
32,7000,CLASSE MOYENNE,4186.01,1766.608,10.724,0,64783.167,1,0
26,7000,CLASSE MOYENNE,1435.47,2153.572,4936.204,34956.856,56028.284,1,0
47,7000,HAUT DE GAMME,3561.69,5336.278,0,28505.191,140040.912,1,0
54,7000,HAUT DE GAMME,2145.5,38390.109,755.432,0,50329.61,1,0
62,7150,TRE,3930.5,2347.252,14.927,0,14333.853,1,0
71,7150,HAUT DE GAMME,2952.57,16661.9467,42212.63775,10128.883,188723.466,1,0
23,7000,HAUT DE GAMME,3959.89,11379.667,5095.846,57157.834,41542.712,1,0
59,7000,CLASSE MOYENNE,4365.37,2091.474,230.044,0,90922.447,1,0
36,7000,HAUT DE GAMME,4566.48,4317.223,339.903,6553.769,26879.527,1,0
48,7000,CLASSE MOYENNE,4439.65,1526.433,0,0,35575.911,1,0
69,7000,CLASSE MOYENNE,5112.05,1920.387,17.883,700.578,58620.267,1,0
71,7000,CLASSE MOYENNE,5666.63,1116.75,3.104,2435.836,33641.48,1,0
68,7000,HAUT DE GAMME,3810.61,5351.857,10842.588,67468.919,12398.488,1,0
67,7000,CLASSE MOYENNE,2860.9,2382.527,312.347,21525.418,40250.233,1,0
47,7000,CLASSE MOYENNE,5069.76,3689.828,11074.026,5277.08,16241.579,1,0
74,7000,HAUT DE GAMME,2349.53,10312.145,9103.591,42209.596,98400.476,1,0
30,7000,CLASSE MOYENNE,1499.55,9084.741,64.885,21256.179,33803.896,1,0
66,7000,CLASSE MOYENNE,1470.52,1899.772,0,0,49374.099,1,0
20,7000,GRAND PUBLIC,1026.55,354.395,309.992,0,15450.754,1,0
44,7000,CLASSE MOYENNE,2106,2388.203,0,8823.57,62481.289,0,585.062
66,7000,HAUT DE GAMME,4096,5351.857,10842.588,67468.919,12398.488,0,1003.295
40,7000,CLASSE MOYENNE,1360,2164.831,761.126,0,26261.923,0,307.264
53,7000,CLASSE MOYENNE,1036,674.489,1473.543,0,37574.648,0,718.307
59,7000,HAUT DE GAMME,3994,3119.476,17193.912,0,119880.488,0,1122.081
57,7000,CLASSE MOYENNE,3022.18,4227.292,3599.819,4052.868,91090.431,1,0
46,7000,CLASSE MOYENNE,2048.48,2638.289,3766.958,0,59515.188,1,0
22,7000,CLASSE MOYENNE,5536.72,2707.854,0,4919.517,25026.708,1,0
34,7000,CLASSE MOYENNE,2772.15,1512.143,92.353,5081.514,51898.353,1,0
21,7000,CLASSE MOYENNE,1885.05,3331.948,75.804,8775.223,21385.927,1,0
38,7000,HAUT DE GAMME,924.63,17007.315,6883.09,0,197004.621,1,0
38,7000,CLASSE MOYENNE,4901.74,1934.946,0,2831.208,33898.854,1,0
29,7000,CLASSE MOYENNE,3996,1957.933,71802.013,0,46773.264,1,0
48,7000,CLASSE MOYENNE,2297.93,3985.654,1070.881,27676.793,50069.375,1,0
46,7000,CLASSE MOYENNE,862.45,1473.532,5924.459,4423.434,16571.036,1,0
68,7000,HAUT DE GAMME,4964.32,6331.104,20643.343,0,62583.944,1,0
37,7000,CLASSE MOYENNE,3047.46,2820.475,1174.91,0,6794.696,1,0
52,7000,CLASSE MOYENNE,974.16,2707.854,0,4919.517,25026.708,1,0
44,7000,CLASSE MOYENNE,3126.5,7485.484,48059.794,1860.038,6953.035,1,0
56,7000,GRAND PUBLIC,2000,9941.708,769.377,0,660.66,0,80
37,7000,HAUT DE GAMME,2000,10410.936,10253.949,0,12234.396,0,80
49,7000,CLASSE MOYENNE,1182,573.805,15.905,0,48428.952,0,967.009
44,7000,CLASSE MOYENNE,1206,1582.849,47.406,0,15795.827,0,202.33
50,7000,CLASSE MOYENNE,1766,3049.31,0,10333.788,39877.284,0,510.55
42,7150,TRE,8000,2873.716,0,0,68383.713,0,327.473
38,7000,GRAND PUBLIC,2793,659.666,3917.189,0,35763.648,0,281.442
35,7000,CLASSE MOYENNE,1391,1959.372,0,0,43979.841,0,514.795
37,7000,CLASSE MOYENNE,1350,1228.775,2135.301,3236.026,39194.701,0,531.402
54,7000,CLASSE MOYENNE,3000,1532.396,19.638,4669.68,15504.204,0,155.775
44,7000,CLASSE MOYENNE,,729.395,79.567,0,18222.522,0,80
57,7000,CLASSE MOYENNE,1329,1280.103,146.534,0,48822.66,0,924.791
45,7000,HAUT DE GAMME,2500,2569.865,989.199,3332.568,76268.4,0,757.542
68,7000,HAUT DE GAMME,3000,4490.904,79308.142,0,54917.788,0,645.049
33,7000,HAUT DE GAMME,0,38763.392,202763.058,9045.859,242350.357,0,4110.728
44,7000,CLASSE MOYENNE,716,2101.342,597.282,0,18655.759,0,218.774
47,7000,HAUT DE GAMME,2224,4374.816,4430.632,12180.667,108808.427,0,1571.008
53,7000,GRAND PUBLIC,1500,1781.024,9472.756,889.828,49234.496,0,472.495
67,7000,CLASSE MOYENNE,1407,1641.107,1160.501,0,32869.092,0,576.853
48,7000,CLASSE MOYENNE,5200,12049.465,22.997,0,84289.573,0,637.728
41,7000,CLASSE MOYENNE,2331,3478.285,0,0,69921.864,0,562.475
53,7000,HAUT DE GAMME,2096,7304.276,8846.174,0,43878.748,0,410.705
40,7000,HAUT DE GAMME,980,6331.104,20643.343,0,62583.944,0,976.31
35,7000,HAUT DE GAMME,3500,15814.595,20308.742,28237.482,141137.409,0,1939.326
52,7000,CLASSE MOYENNE,1051,1116.75,3.104,2435.836,33641.48,0,535.109
53,7000,CLASSE MOYENNE,2000,2205.437,128.286,0,36185.48,0,338.696
34,7000,CLASSE MOYENNE,1569,1781.815,1115.119,0,63388.818,0,665.057
34,7000,CLASSE MOYENNE,1469,1458.605,0,0,44579.284,0,532.036
57,7000,HAUT DE GAMME,2500,6511.763,10429.372,0,233057.642,0,2908.559
39,7000,CLASSE MOYENNE,1977,1237.433,8586.736,0,64346.324,0,501.901
